[
{
    "model": "user.user",
    "pk": 1,
    "fields": {
        "password": "pbkdf2_sha256$870000$feUZSHDuzYffd9q5BVa017$b2Nd+jxL1cyWh0yMyJEInr9woyguvRXpYIgcPZjwksQ=",
        "last_login": "2025-01-04T16:18:56.406Z",
        "is_superuser": true,
        "first_name": "",
        "last_name": "",
        "is_staff": true,
        "is_active": true,
        "date_joined": "2025-01-02T23:12:18.018Z",
        "email": "admin1@test.test",
        "groups": [],
        "user_permissions": []
    }
},
{
    "model": "user.user",
    "pk": 2,
    "fields": {
        "password": "pbkdf2_sha256$870000$DywhFEWIpwozyJ2ySD9jZc$lyIzfADnvH+NHpMwGgFFC+zDqIE9g7yen0XIVvOb2Cs=",
        "last_login": null,
        "is_superuser": false,
        "first_name": "",
        "last_name": "",
        "is_staff": false,
        "is_active": true,
        "date_joined": "2025-01-08T16:38:45.671Z",
        "email": "admin2@test.test",
        "groups": [],
        "user_permissions": []
    }
},
{
    "model": "admin.logentry",
    "pk": 1,
    "fields": {
        "action_time": "2025-01-04T12:32:20.473Z",
        "user": 1,
        "content_type": 7,
        "object_id": "3",
        "object_repr": "Faro (-7.9341, 37.0194)",
        "action_flag": 2,
        "change_message": "[{\"changed\": {\"fields\": [\"Name\"]}}]"
    }
},
{
    "model": "admin.logentry",
    "pk": 2,
    "fields": {
        "action_time": "2025-01-04T12:32:24.962Z",
        "user": 1,
        "content_type": 7,
        "object_id": "2",
        "object_repr": "Porto (-8.6109, 41.1496)",
        "action_flag": 2,
        "change_message": "[{\"changed\": {\"fields\": [\"Name\"]}}]"
    }
},
{
    "model": "admin.logentry",
    "pk": 3,
    "fields": {
        "action_time": "2025-01-04T12:32:32.369Z",
        "user": 1,
        "content_type": 7,
        "object_id": "1",
        "object_repr": "Lisbon (-9.1393, 38.7223)",
        "action_flag": 2,
        "change_message": "[{\"changed\": {\"fields\": [\"Name\"]}}]"
    }
},
{
    "model": "admin.logentry",
    "pk": 4,
    "fields": {
        "action_time": "2025-01-04T15:41:55.113Z",
        "user": 1,
        "content_type": 7,
        "object_id": "3",
        "object_repr": "Whimsical Way Station (40.7128, -74.006)",
        "action_flag": 2,
        "change_message": "[{\"changed\": {\"fields\": [\"Name\", \"Latitude\", \"Longitude\"]}}]"
    }
},
{
    "model": "admin.logentry",
    "pk": 5,
    "fields": {
        "action_time": "2025-01-04T15:42:14.114Z",
        "user": 1,
        "content_type": 7,
        "object_id": "2",
        "object_repr": "Enchanted Elm Station (34.0522, -118.2437)",
        "action_flag": 2,
        "change_message": "[{\"changed\": {\"fields\": [\"Name\", \"Latitude\", \"Longitude\"]}}]"
    }
},
{
    "model": "admin.logentry",
    "pk": 6,
    "fields": {
        "action_time": "2025-01-04T15:42:27.878Z",
        "user": 1,
        "content_type": 7,
        "object_id": "1",
        "object_repr": "Mystical Maple Station (51.5074, -0.1278)",
        "action_flag": 2,
        "change_message": "[{\"changed\": {\"fields\": [\"Name\", \"Latitude\", \"Longitude\"]}}]"
    }
},
{
    "model": "admin.logentry",
    "pk": 7,
    "fields": {
        "action_time": "2025-01-04T15:43:14.698Z",
        "user": 1,
        "content_type": 6,
        "object_id": "1",
        "object_repr": "Pomona Sprout",
        "action_flag": 2,
        "change_message": "[{\"changed\": {\"fields\": [\"First name\", \"Last name\"]}}]"
    }
},
{
    "model": "admin.logentry",
    "pk": 8,
    "fields": {
        "action_time": "2025-01-04T15:45:14.474Z",
        "user": 1,
        "content_type": 8,
        "object_id": "2",
        "object_repr": "Phoenix Flight",
        "action_flag": 2,
        "change_message": "[{\"changed\": {\"fields\": [\"Name\"]}}]"
    }
},
{
    "model": "admin.logentry",
    "pk": 9,
    "fields": {
        "action_time": "2025-01-04T15:45:19.862Z",
        "user": 1,
        "content_type": 8,
        "object_id": "1",
        "object_repr": "Vanishing Cabinet",
        "action_flag": 2,
        "change_message": "[{\"changed\": {\"fields\": [\"Name\"]}}]"
    }
},
{
    "model": "admin.logentry",
    "pk": 10,
    "fields": {
        "action_time": "2025-01-04T15:45:59.074Z",
        "user": 1,
        "content_type": 8,
        "object_id": "2",
        "object_repr": "Portkey",
        "action_flag": 2,
        "change_message": "[{\"changed\": {\"fields\": [\"Name\"]}}]"
    }
},
{
    "model": "admin.logentry",
    "pk": 11,
    "fields": {
        "action_time": "2025-01-04T15:46:09.069Z",
        "user": 1,
        "content_type": 8,
        "object_id": "1",
        "object_repr": "Floo Network",
        "action_flag": 2,
        "change_message": "[{\"changed\": {\"fields\": [\"Name\"]}}]"
    }
},
{
    "model": "admin.logentry",
    "pk": 12,
    "fields": {
        "action_time": "2025-01-04T15:46:17.297Z",
        "user": 1,
        "content_type": 11,
        "object_id": "2",
        "object_repr": "Train: Phoenix Flight. Type: Portkey",
        "action_flag": 2,
        "change_message": "[{\"changed\": {\"fields\": [\"Name\"]}}]"
    }
},
{
    "model": "admin.logentry",
    "pk": 13,
    "fields": {
        "action_time": "2025-01-04T15:46:24.176Z",
        "user": 1,
        "content_type": 11,
        "object_id": "1",
        "object_repr": "Train: Vanishing Cabinet. Type: Floo Network",
        "action_flag": 2,
        "change_message": "[{\"changed\": {\"fields\": [\"Name\"]}}]"
    }
},
{
    "model": "admin.logentry",
    "pk": 14,
    "fields": {
        "action_time": "2025-01-08T16:38:46.072Z",
        "user": 1,
        "content_type": 14,
        "object_id": "2",
        "object_repr": "admin2@test.test",
        "action_flag": 1,
        "change_message": "[{\"added\": {}}]"
    }
},
{
    "model": "auth.permission",
    "pk": 1,
    "fields": {
        "name": "Can add log entry",
        "content_type": 1,
        "codename": "add_logentry"
    }
},
{
    "model": "auth.permission",
    "pk": 2,
    "fields": {
        "name": "Can change log entry",
        "content_type": 1,
        "codename": "change_logentry"
    }
},
{
    "model": "auth.permission",
    "pk": 3,
    "fields": {
        "name": "Can delete log entry",
        "content_type": 1,
        "codename": "delete_logentry"
    }
},
{
    "model": "auth.permission",
    "pk": 4,
    "fields": {
        "name": "Can view log entry",
        "content_type": 1,
        "codename": "view_logentry"
    }
},
{
    "model": "auth.permission",
    "pk": 5,
    "fields": {
        "name": "Can add permission",
        "content_type": 2,
        "codename": "add_permission"
    }
},
{
    "model": "auth.permission",
    "pk": 6,
    "fields": {
        "name": "Can change permission",
        "content_type": 2,
        "codename": "change_permission"
    }
},
{
    "model": "auth.permission",
    "pk": 7,
    "fields": {
        "name": "Can delete permission",
        "content_type": 2,
        "codename": "delete_permission"
    }
},
{
    "model": "auth.permission",
    "pk": 8,
    "fields": {
        "name": "Can view permission",
        "content_type": 2,
        "codename": "view_permission"
    }
},
{
    "model": "auth.permission",
    "pk": 9,
    "fields": {
        "name": "Can add group",
        "content_type": 3,
        "codename": "add_group"
    }
},
{
    "model": "auth.permission",
    "pk": 10,
    "fields": {
        "name": "Can change group",
        "content_type": 3,
        "codename": "change_group"
    }
},
{
    "model": "auth.permission",
    "pk": 11,
    "fields": {
        "name": "Can delete group",
        "content_type": 3,
        "codename": "delete_group"
    }
},
{
    "model": "auth.permission",
    "pk": 12,
    "fields": {
        "name": "Can view group",
        "content_type": 3,
        "codename": "view_group"
    }
},
{
    "model": "auth.permission",
    "pk": 13,
    "fields": {
        "name": "Can add content type",
        "content_type": 4,
        "codename": "add_contenttype"
    }
},
{
    "model": "auth.permission",
    "pk": 14,
    "fields": {
        "name": "Can change content type",
        "content_type": 4,
        "codename": "change_contenttype"
    }
},
{
    "model": "auth.permission",
    "pk": 15,
    "fields": {
        "name": "Can delete content type",
        "content_type": 4,
        "codename": "delete_contenttype"
    }
},
{
    "model": "auth.permission",
    "pk": 16,
    "fields": {
        "name": "Can view content type",
        "content_type": 4,
        "codename": "view_contenttype"
    }
},
{
    "model": "auth.permission",
    "pk": 17,
    "fields": {
        "name": "Can add session",
        "content_type": 5,
        "codename": "add_session"
    }
},
{
    "model": "auth.permission",
    "pk": 18,
    "fields": {
        "name": "Can change session",
        "content_type": 5,
        "codename": "change_session"
    }
},
{
    "model": "auth.permission",
    "pk": 19,
    "fields": {
        "name": "Can delete session",
        "content_type": 5,
        "codename": "delete_session"
    }
},
{
    "model": "auth.permission",
    "pk": 20,
    "fields": {
        "name": "Can view session",
        "content_type": 5,
        "codename": "view_session"
    }
},
{
    "model": "auth.permission",
    "pk": 21,
    "fields": {
        "name": "Can add crew",
        "content_type": 6,
        "codename": "add_crew"
    }
},
{
    "model": "auth.permission",
    "pk": 22,
    "fields": {
        "name": "Can change crew",
        "content_type": 6,
        "codename": "change_crew"
    }
},
{
    "model": "auth.permission",
    "pk": 23,
    "fields": {
        "name": "Can delete crew",
        "content_type": 6,
        "codename": "delete_crew"
    }
},
{
    "model": "auth.permission",
    "pk": 24,
    "fields": {
        "name": "Can view crew",
        "content_type": 6,
        "codename": "view_crew"
    }
},
{
    "model": "auth.permission",
    "pk": 25,
    "fields": {
        "name": "Can add station",
        "content_type": 7,
        "codename": "add_station"
    }
},
{
    "model": "auth.permission",
    "pk": 26,
    "fields": {
        "name": "Can change station",
        "content_type": 7,
        "codename": "change_station"
    }
},
{
    "model": "auth.permission",
    "pk": 27,
    "fields": {
        "name": "Can delete station",
        "content_type": 7,
        "codename": "delete_station"
    }
},
{
    "model": "auth.permission",
    "pk": 28,
    "fields": {
        "name": "Can view station",
        "content_type": 7,
        "codename": "view_station"
    }
},
{
    "model": "auth.permission",
    "pk": 29,
    "fields": {
        "name": "Can add train type",
        "content_type": 8,
        "codename": "add_traintype"
    }
},
{
    "model": "auth.permission",
    "pk": 30,
    "fields": {
        "name": "Can change train type",
        "content_type": 8,
        "codename": "change_traintype"
    }
},
{
    "model": "auth.permission",
    "pk": 31,
    "fields": {
        "name": "Can delete train type",
        "content_type": 8,
        "codename": "delete_traintype"
    }
},
{
    "model": "auth.permission",
    "pk": 32,
    "fields": {
        "name": "Can view train type",
        "content_type": 8,
        "codename": "view_traintype"
    }
},
{
    "model": "auth.permission",
    "pk": 33,
    "fields": {
        "name": "Can add order",
        "content_type": 9,
        "codename": "add_order"
    }
},
{
    "model": "auth.permission",
    "pk": 34,
    "fields": {
        "name": "Can change order",
        "content_type": 9,
        "codename": "change_order"
    }
},
{
    "model": "auth.permission",
    "pk": 35,
    "fields": {
        "name": "Can delete order",
        "content_type": 9,
        "codename": "delete_order"
    }
},
{
    "model": "auth.permission",
    "pk": 36,
    "fields": {
        "name": "Can view order",
        "content_type": 9,
        "codename": "view_order"
    }
},
{
    "model": "auth.permission",
    "pk": 37,
    "fields": {
        "name": "Can add route",
        "content_type": 10,
        "codename": "add_route"
    }
},
{
    "model": "auth.permission",
    "pk": 38,
    "fields": {
        "name": "Can change route",
        "content_type": 10,
        "codename": "change_route"
    }
},
{
    "model": "auth.permission",
    "pk": 39,
    "fields": {
        "name": "Can delete route",
        "content_type": 10,
        "codename": "delete_route"
    }
},
{
    "model": "auth.permission",
    "pk": 40,
    "fields": {
        "name": "Can view route",
        "content_type": 10,
        "codename": "view_route"
    }
},
{
    "model": "auth.permission",
    "pk": 41,
    "fields": {
        "name": "Can add train",
        "content_type": 11,
        "codename": "add_train"
    }
},
{
    "model": "auth.permission",
    "pk": 42,
    "fields": {
        "name": "Can change train",
        "content_type": 11,
        "codename": "change_train"
    }
},
{
    "model": "auth.permission",
    "pk": 43,
    "fields": {
        "name": "Can delete train",
        "content_type": 11,
        "codename": "delete_train"
    }
},
{
    "model": "auth.permission",
    "pk": 44,
    "fields": {
        "name": "Can view train",
        "content_type": 11,
        "codename": "view_train"
    }
},
{
    "model": "auth.permission",
    "pk": 45,
    "fields": {
        "name": "Can add trip",
        "content_type": 12,
        "codename": "add_trip"
    }
},
{
    "model": "auth.permission",
    "pk": 46,
    "fields": {
        "name": "Can change trip",
        "content_type": 12,
        "codename": "change_trip"
    }
},
{
    "model": "auth.permission",
    "pk": 47,
    "fields": {
        "name": "Can delete trip",
        "content_type": 12,
        "codename": "delete_trip"
    }
},
{
    "model": "auth.permission",
    "pk": 48,
    "fields": {
        "name": "Can view trip",
        "content_type": 12,
        "codename": "view_trip"
    }
},
{
    "model": "auth.permission",
    "pk": 49,
    "fields": {
        "name": "Can add ticket",
        "content_type": 13,
        "codename": "add_ticket"
    }
},
{
    "model": "auth.permission",
    "pk": 50,
    "fields": {
        "name": "Can change ticket",
        "content_type": 13,
        "codename": "change_ticket"
    }
},
{
    "model": "auth.permission",
    "pk": 51,
    "fields": {
        "name": "Can delete ticket",
        "content_type": 13,
        "codename": "delete_ticket"
    }
},
{
    "model": "auth.permission",
    "pk": 52,
    "fields": {
        "name": "Can view ticket",
        "content_type": 13,
        "codename": "view_ticket"
    }
},
{
    "model": "auth.permission",
    "pk": 53,
    "fields": {
        "name": "Can add user",
        "content_type": 14,
        "codename": "add_user"
    }
},
{
    "model": "auth.permission",
    "pk": 54,
    "fields": {
        "name": "Can change user",
        "content_type": 14,
        "codename": "change_user"
    }
},
{
    "model": "auth.permission",
    "pk": 55,
    "fields": {
        "name": "Can delete user",
        "content_type": 14,
        "codename": "delete_user"
    }
},
{
    "model": "auth.permission",
    "pk": 56,
    "fields": {
        "name": "Can view user",
        "content_type": 14,
        "codename": "view_user"
    }
},
{
    "model": "contenttypes.contenttype",
    "pk": 1,
    "fields": {
        "app_label": "admin",
        "model": "logentry"
    }
},
{
    "model": "contenttypes.contenttype",
    "pk": 2,
    "fields": {
        "app_label": "auth",
        "model": "permission"
    }
},
{
    "model": "contenttypes.contenttype",
    "pk": 3,
    "fields": {
        "app_label": "auth",
        "model": "group"
    }
},
{
    "model": "contenttypes.contenttype",
    "pk": 4,
    "fields": {
        "app_label": "contenttypes",
        "model": "contenttype"
    }
},
{
    "model": "contenttypes.contenttype",
    "pk": 5,
    "fields": {
        "app_label": "sessions",
        "model": "session"
    }
},
{
    "model": "contenttypes.contenttype",
    "pk": 6,
    "fields": {
        "app_label": "train_service",
        "model": "crew"
    }
},
{
    "model": "contenttypes.contenttype",
    "pk": 7,
    "fields": {
        "app_label": "train_service",
        "model": "station"
    }
},
{
    "model": "contenttypes.contenttype",
    "pk": 8,
    "fields": {
        "app_label": "train_service",
        "model": "traintype"
    }
},
{
    "model": "contenttypes.contenttype",
    "pk": 9,
    "fields": {
        "app_label": "train_service",
        "model": "order"
    }
},
{
    "model": "contenttypes.contenttype",
    "pk": 10,
    "fields": {
        "app_label": "train_service",
        "model": "route"
    }
},
{
    "model": "contenttypes.contenttype",
    "pk": 11,
    "fields": {
        "app_label": "train_service",
        "model": "train"
    }
},
{
    "model": "contenttypes.contenttype",
    "pk": 12,
    "fields": {
        "app_label": "train_service",
        "model": "trip"
    }
},
{
    "model": "contenttypes.contenttype",
    "pk": 13,
    "fields": {
        "app_label": "train_service",
        "model": "ticket"
    }
},
{
    "model": "contenttypes.contenttype",
    "pk": 14,
    "fields": {
        "app_label": "user",
        "model": "user"
    }
},
{
    "model": "sessions.session",
    "pk": "c8d14w89rp7i1l32b7iyhohvo6wt60s6",
    "fields": {
        "session_data": ".eJxVjMsOwiAUBf-FtSFeEGhduvcbCPeBVA0kpV0Z_12bdKHbMzPnpWJalxLXLnOcWJ0VqMPvhokeUjfA91RvTVOryzyh3hS9066vjeV52d2_g5J6-dbeA4AbrQRMJxsyiJeczAAO0AWiEIIdsxB7MXR0hpjQIjKDG7Jnq94f2704Yw:1tTUMb:EJDc7nKNCP132HLzdHx8iZvKyrCPLKeVKfWgwolK7Po",
        "expire_date": "2025-01-16T23:12:25.222Z"
    }
},
{
    "model": "sessions.session",
    "pk": "u4xmk4sjl8ij1pizyeooavqfjh4op8qf",
    "fields": {
        "session_data": ".eJxVjMsOwiAUBf-FtSFeEGhduvcbCPeBVA0kpV0Z_12bdKHbMzPnpWJalxLXLnOcWJ0VqMPvhokeUjfA91RvTVOryzyh3hS9066vjeV52d2_g5J6-dbeA4AbrQRMJxsyiJeczAAO0AWiEIIdsxB7MXR0hpjQIjKDG7Jnq94f2704Yw:1tU6rY:WHmvZ7BiARMjQjR_i60jcRHrZCHWu5KfnxmRGd8kKxw",
        "expire_date": "2025-01-18T16:18:56.408Z"
    }
},
{
    "model": "train_service.station",
    "pk": 1,
    "fields": {
        "name": "Mystical Maple Station",
        "latitude": 51.5074,
        "longitude": -0.1278
    }
},
{
    "model": "train_service.station",
    "pk": 2,
    "fields": {
        "name": "Enchanted Elm Station",
        "latitude": 34.0522,
        "longitude": -118.2437
    }
},
{
    "model": "train_service.station",
    "pk": 3,
    "fields": {
        "name": "Whimsical Way Station",
        "latitude": 40.7128,
        "longitude": -74.006
    }
},
{
    "model": "train_service.station",
    "pk": 4,
    "fields": {
        "name": "Hogsmeade Station",
        "latitude": 55.9953,
        "longitude": -3.3883
    }
},
{
    "model": "train_service.station",
    "pk": 5,
    "fields": {
        "name": "Diagon Alley Station",
        "latitude": 51.5074,
        "longitude": 0.1278
    }
},
{
    "model": "train_service.station",
    "pk": 6,
    "fields": {
        "name": "Azbakan Station",
        "latitude": 59.6494,
        "longitude": -1.6506
    }
},
{
    "model": "train_service.station",
    "pk": 7,
    "fields": {
        "name": "Little Whinging Station",
        "latitude": 51.3781,
        "longitude": -0.3097
    }
},
{
    "model": "train_service.station",
    "pk": 8,
    "fields": {
        "name": "Godric's Hollow Station",
        "latitude": 51.9967,
        "longitude": -0.7061
    }
},
{
    "model": "train_service.station",
    "pk": 9,
    "fields": {
        "name": "Ottery St Catchpole Station",
        "latitude": 50.8853,
        "longitude": -3.5339
    }
},
{
    "model": "train_service.station",
    "pk": 10,
    "fields": {
        "name": "King's Cross Station",
        "latitude": 51.5308,
        "longitude": -0.1246
    }
},
{
    "model": "train_service.route",
    "pk": 1,
    "fields": {
        "source": 1,
        "destination": 2,
        "distance": 350
    }
},
{
    "model": "train_service.route",
    "pk": 2,
    "fields": {
        "source": 1,
        "destination": 3,
        "distance": 280
    }
},
{
    "model": "train_service.route",
    "pk": 3,
    "fields": {
        "source": 2,
        "destination": 3,
        "distance": 630
    }
},
{
    "model": "train_service.route",
    "pk": 4,
    "fields": {
        "source": 4,
        "destination": 5,
        "distance": 400
    }
},
{
    "model": "train_service.route",
    "pk": 5,
    "fields": {
        "source": 4,
        "destination": 6,
        "distance": 600
    }
},
{
    "model": "train_service.route",
    "pk": 6,
    "fields": {
        "source": 5,
        "destination": 6,
        "distance": 750
    }
},
{
    "model": "train_service.route",
    "pk": 7,
    "fields": {
        "source": 7,
        "destination": 8,
        "distance": 150
    }
},
{
    "model": "train_service.route",
    "pk": 8,
    "fields": {
        "source": 7,
        "destination": 9,
        "distance": 200
    }
},
{
    "model": "train_service.route",
    "pk": 9,
    "fields": {
        "source": 8,
        "destination": 9,
        "distance": 100
    }
},
{
    "model": "train_service.route",
    "pk": 10,
    "fields": {
        "source": 3,
        "destination": 1,
        "distance": 800
    }
},
{
    "model": "train_service.traintype",
    "pk": 1,
    "fields": {
        "name": "Floo Network"
    }
},
{
    "model": "train_service.traintype",
    "pk": 2,
    "fields": {
        "name": "Portkey"
    }
},
{
    "model": "train_service.traintype",
    "pk": 3,
    "fields": {
        "name": "Hogwarts Express"
    }
},
{
    "model": "train_service.traintype",
    "pk": 4,
    "fields": {
        "name": "Knight Bus"
    }
},
{
    "model": "train_service.traintype",
    "pk": 5,
    "fields": {
        "name": "Thestral Carriage"
    }
},
{
    "model": "train_service.traintype",
    "pk": 6,
    "fields": {
        "name": "Flying Ford Anglia"
    }
},
{
    "model": "train_service.traintype",
    "pk": 7,
    "fields": {
        "name": "Magical Passenger"
    }
},
{
    "model": "train_service.train",
    "pk": 1,
    "fields": {
        "name": "Vanishing Cabinet",
        "cargo_num": 2,
        "places_in_cargo": 50,
        "train_type": 1
    }
},
{
    "model": "train_service.train",
    "pk": 2,
    "fields": {
        "name": "Phoenix Flight",
        "cargo_num": 1,
        "places_in_cargo": 30,
        "train_type": 2
    }
},
{
    "model": "train_service.train",
    "pk": 3,
    "fields": {
        "name": "Scarlet Steamliner",
        "cargo_num": 3,
        "places_in_cargo": 60,
        "train_type": 3
    }
},
{
    "model": "train_service.train",
    "pk": 4,
    "fields": {
        "name": "Broomstick Express",
        "cargo_num": 3,
        "places_in_cargo": 30,
        "train_type": 4
    }
},
{
    "model": "train_service.train",
    "pk": 5,
    "fields": {
        "name": "Night Flyer",
        "cargo_num": 1,
        "places_in_cargo": 15,
        "train_type": 5
    }
},
{
    "model": "train_service.train",
    "pk": 6,
    "fields": {
        "name": "Enchanted Automobile",
        "cargo_num": 1,
        "places_in_cargo": 6,
        "train_type": 6
    }
},
{
    "model": "train_service.train",
    "pk": 7,
    "fields": {
        "name": "Hogwarts Express",
        "cargo_num": 5,
        "places_in_cargo": 100,
        "train_type": 7
    }
},
{
    "model": "train_service.crew",
    "pk": 1,
    "fields": {
        "first_name": "Pomona",
        "last_name": "Sprout"
    }
},
{
    "model": "train_service.crew",
    "pk": 2,
    "fields": {
        "first_name": "Rubeus",
        "last_name": "Hagrid"
    }
},
{
    "model": "train_service.crew",
    "pk": 3,
    "fields": {
        "first_name": "Bellatrix",
        "last_name": "Lestrange"
    }
},
{
    "model": "train_service.crew",
    "pk": 4,
    "fields": {
        "first_name": "Albus",
        "last_name": "Dumbledore"
    }
},
{
    "model": "train_service.crew",
    "pk": 5,
    "fields": {
        "first_name": "Minerva",
        "last_name": "McGonagall"
    }
},
{
    "model": "train_service.crew",
    "pk": 6,
    "fields": {
        "first_name": "Severus",
        "last_name": "Snape"
    }
},
{
    "model": "train_service.crew",
    "pk": 7,
    "fields": {
        "first_name": "Neville",
        "last_name": "Longbottom"
    }
},
{
    "model": "train_service.crew",
    "pk": 8,
    "fields": {
        "first_name": "Luna",
        "last_name": "Lovegood"
    }
},
{
    "model": "train_service.crew",
    "pk": 9,
    "fields": {
        "first_name": "Filius",
        "last_name": "Flitwick"
    }
},
{
    "model": "train_service.crew",
    "pk": 10,
    "fields": {
        "first_name": "Stan",
        "last_name": "Shunpike"
    }
},
{
    "model": "train_service.trip",
    "pk": 1,
    "fields": {
        "route": 1,
        "train": 1,
        "departure_time": "2025-01-05T10:00:00Z",
        "arrival_time": "2025-01-05T14:00:00Z"
    }
},
{
    "model": "train_service.trip",
    "pk": 2,
    "fields": {
        "route": 2,
        "train": 2,
        "departure_time": "2025-01-03T10:00:00Z",
        "arrival_time": "2025-01-03T14:00:00Z"
    }
},
{
    "model": "train_service.trip",
    "pk": 3,
    "fields": {
        "route": 4,
        "train": 3,
        "departure_time": "2025-02-10T09:00:00Z",
        "arrival_time": "2025-02-10T17:00:00Z"
    }
},
{
    "model": "train_service.trip",
    "pk": 4,
    "fields": {
        "route": 5,
        "train": 4,
        "departure_time": "2025-01-15T12:00:00Z",
        "arrival_time": "2025-01-16T06:00:00Z"
    }
},
{
    "model": "train_service.trip",
    "pk": 5,
    "fields": {
        "route": 7,
        "train": 5,
        "departure_time": "2025-02-15T22:00:00Z",
        "arrival_time": "2025-02-16T04:00:00Z"
    }
},
{
    "model": "train_service.trip",
    "pk": 6,
    "fields": {
        "route": 8,
        "train": 6,
        "departure_time": "2025-01-20T10:00:00Z",
        "arrival_time": "2025-01-20T16:00:00Z"
    }
},
{
    "model": "train_service.trip",
    "pk": 7,
    "fields": {
        "route": 10,
        "train": 7,
        "departure_time": "2025-01-15T14:56:00Z",
        "arrival_time": "2025-01-21T14:56:00Z"
    }
},
{
    "model": "train_service.order",
    "pk": 1,
    "fields": {
        "created_at": "2024-12-20T10:00:00Z",
        "user": 1
    }
},
{
    "model": "train_service.order",
    "pk": 2,
    "fields": {
        "created_at": "2024-12-28T14:30:00Z",
        "user": 1
    }
},
{
    "model": "train_service.order",
    "pk": 3,
    "fields": {
        "created_at": "2025-01-02T09:15:00Z",
        "user": 1
    }
},
{
    "model": "train_service.order",
    "pk": 4,
    "fields": {
        "created_at": "2025-01-03T11:45:00Z",
        "user": 1
    }
},
{
    "model": "train_service.order",
    "pk": 5,
    "fields": {
        "created_at": "2024-12-22T16:00:00Z",
        "user": 1
    }
},
{
    "model": "train_service.order",
    "pk": 6,
    "fields": {
        "created_at": "2024-12-29T10:30:00Z",
        "user": 1
    }
},
{
    "model": "train_service.order",
    "pk": 7,
    "fields": {
        "created_at": "2025-01-01T15:20:00Z",
        "user": 1
    }
},
{
    "model": "train_service.order",
    "pk": 8,
    "fields": {
        "created_at": "2025-01-03T08:00:00Z",
        "user": 1
    }
},
{
    "model": "train_service.order",
    "pk": 9,
    "fields": {
        "created_at": "2024-12-25T12:00:00Z",
        "user": 1
    }
},
{
    "model": "train_service.order",
    "pk": 10,
    "fields": {
        "created_at": "2024-12-31T17:00:00Z",
        "user": 1
    }
},
{
    "model": "train_service.order",
    "pk": 11,
    "fields": {
        "created_at": "2025-01-06T14:58:26.307Z",
        "user": 1
    }
},
{
    "model": "train_service.ticket",
    "pk": 1,
    "fields": {
        "cargo": 1,
        "seat": 15,
        "trip": 3,
        "order": 1
    }
},
{
    "model": "train_service.ticket",
    "pk": 2,
    "fields": {
        "cargo": 1,
        "seat": 5,
        "trip": 4,
        "order": 2
    }
},
{
    "model": "train_service.ticket",
    "pk": 3,
    "fields": {
        "cargo": 1,
        "seat": 22,
        "trip": 5,
        "order": 3
    }
},
{
    "model": "train_service.ticket",
    "pk": 4,
    "fields": {
        "cargo": 1,
        "seat": 23,
        "trip": 5,
        "order": 3
    }
},
{
    "model": "train_service.ticket",
    "pk": 5,
    "fields": {
        "cargo": 1,
        "seat": 4,
        "trip": 6,
        "order": 4
    }
},
{
    "model": "train_service.ticket",
    "pk": 6,
    "fields": {
        "cargo": 2,
        "seat": 18,
        "trip": 3,
        "order": 5
    }
},
{
    "model": "train_service.ticket",
    "pk": 7,
    "fields": {
        "cargo": 1,
        "seat": 7,
        "trip": 4,
        "order": 6
    }
},
{
    "model": "train_service.ticket",
    "pk": 8,
    "fields": {
        "cargo": 1,
        "seat": 11,
        "trip": 5,
        "order": 7
    }
},
{
    "model": "train_service.ticket",
    "pk": 9,
    "fields": {
        "cargo": 1,
        "seat": 2,
        "trip": 6,
        "order": 8
    }
},
{
    "model": "train_service.ticket",
    "pk": 10,
    "fields": {
        "cargo": 1,
        "seat": 35,
        "trip": 3,
        "order": 9
    }
},
{
    "model": "train_service.ticket",
    "pk": 11,
    "fields": {
        "cargo": 1,
        "seat": 12,
        "trip": 4,
        "order": 10
    }
},
{
    "model": "train_service.ticket",
    "pk": 12,
    "fields": {
        "cargo": 1,
        "seat": 47,
        "trip": 1,
        "order": 11
    }
},
{
    "model": "train_service.ticket",
    "pk": 13,
    "fields": {
        "cargo": 2,
        "seat": 2,
        "trip": 1,
        "order": 11
    }
}
]
